ax,ay,az
332,198,6950
322,136,6928
368,218,6954
328,250,6936
280,190,6980
334,170,7016
350,228,6918
254,176,7032
258,202,6988
288,162,6988
338,228,7098
250,158,7038
266,216,7006
272,198,7042
300,222,6962
372,212,6932
340,236,6986
554,208,7092
208,450,6082
434,120,6586
636,196,6692
180,242,7458
-34,280,8108
-138,156,7620
186,-120,7362
452,-14,7238
638,-40,7016
718,172,7092
408,114,7166
340,336,7118
134,146,7242
134,202,7248
100,190,7208
170,216,7052
230,166,6968
342,178,6854
396,198,6950
446,242,6872
432,176,6864
440,258,6946
442,234,7000
360,214,7004
322,224,7014
328,188,7046
294,200,7034
286,202,7018
310,192,6986
250,194,7042
306,180,7008
318,188,6940
272,186,7020
300,186,7082
282,192,7020
288,158,7060
284,206,6976
322,156,7004
328,184,6962
368,210,7038
390,224,7050
306,230,6988
364,222,6992
370,174,7004
364,210,6988
390,180,7014
352,216,6964
308,192,7010
330,214,6990
354,204,7000
278,172,7044
316,206,7052
334,198,6964
238,180,6986
252,146,6964
318,188,6952
236,214,6982
332,180,7040
288,150,6942
258,202,6996
310,176,7066
296,190,6986
366,198,7004
326,180,6966
336,220,7016
330,154,6978
394,210,7020
356,180,6996
342,230,6980
342,160,7010
346,148,6984
310,188,6960
394,224,6932
348,184,6918
352,170,6994
304,206,6972
318,200,7030
320,204,6932
314,176,6976
338,212,6982
266,206,7008
272,204,7050
294,198,6988
304,242,6958
346,184,7032
288,128,7040
306,136,6968
290,166,7014
288,170,7034
330,184,7004
300,216,6972
388,244,6996
294,160,7002
310,210,7016
296,198,6984
332,226,6920
368,190,6938
390,228,6978
300,208,7038
334,196,6930
342,206,6938
320,222,6890
326,242,6952
322,196,7004
266,176,7004
370,242,6972
370,214,7014
318,188,6968
308,228,6986
306,214,6990
258,244,6958
258,224,7050
310,242,7016
298,158,6952
286,200,7020
262,252,7088
352,168,6986
316,228,7028
286,184,7004
324,204,6946
396,226,6942
328,210,6986
370,246,6976
326,196,6986
362,196,6986
338,226,6952
400,202,7028
290,184,6992
280,246,6966
352,214,7030
312,190,7024
300,244,6960
284,172,7030
372,238,7030
274,160,6894
332,202,7036
334,196,6944
332,184,7048
278,170,7014
296,146,7022
334,196,6996
352,242,7004
302,166,6962
288,230,6996
344,152,6998
346,216,6950
382,254,7032
356,204,6980
354,174,6948
390,184,6978
338,190,6968
278,196,6968
334,166,6970
326,196,6998
314,176,6968
336,220,6966
286,224,6946
280,188,7002
320,220,7068
212,202,7026
302,186,6942
318,160,6970
258,198,7004
332,230,7008
350,180,6944
338,218,6972
344,190,7000
382,198,7000
360,228,6962
376,216,6988
380,210,6986
292,178,6998
320,202,6980
354,204,6946
314,202,6994
322,168,6894
282,194,6932
298,200,7070
272,202,7122
328,184,7022
308,232,7010
306,182,7092
328,180,6928
330,188,6982
342,126,7034
330,190,7066
376,162,7058
352,218,6990
334,228,6946
412,194,6996
322,222,6944
390,208,7032
352,216,7000
382,182,6920
326,148,6988
296,192,6976
282,140,6956
312,182,6942
288,208,6968
264,160,6946
270,168,6922
292,190,6988
280,222,6938
318,200,7054
238,200,7042
270,190,7026
362,214,7032
386,154,6968
332,242,7052
302,204,6952
362,202,7024
386,200,6946
338,194,6942
360,186,6992
382,210,6960
338,208,6960
296,214,6996
326,190,7034
350,180,6966
344,210,6972
316,162,7004
346,186,6948
326,232,7074
266,182,6994
266,220,7080
292,228,6980
300,210,7038
362,206,7036
284,184,6992
360,166,6958
356,186,6996
350,204,6948
396,250,7072
348,190,7010
302,172,6986
356,198,6980
340,168,6980
358,194,6962
410,152,6918
338,218,6978
312,192,7016
338,210,7006
254,188,7082
290,170,7020
300,188,6990
288,166,6922
312,158,7046
316,206,7010
314,210,7010
296,216,7044
326,176,6978
344,202,6964
330,246,6990
346,228,7050
344,180,6958
364,180,7024
378,240,6918
362,202,7028
332,224,6922
316,180,6968
294,212,6944
276,164,7020
322,250,6968
334,164,7006
302,156,7010
368,190,7000
294,198,6990
248,184,7000
288,132,7044
292,222,7038
310,212,7016
338,156,7036
332,200,6974
352,210,6934
396,194,6962
344,170,7062
348,212,7000
388,236,7016
376,178,6964
344,190,7004
354,188,7034
282,194,6982
326,180,7042
368,190,6934
346,196,6966
294,176,6948
282,160,6978
320,164,6976
390,156,6950
382,192,6992
322,186,6942
322,220,7020
304,200,7084
322,272,7006
230,188,7018
288,208,7074
324,220,6946
330,160,6974
310,164,7040
396,236,6972
396,210,7054
374,200,6958
346,194,6966
372,188,6934
342,184,6986
282,194,6910
294,212,7036
274,210,6960
258,184,7012
240,208,7050
246,176,7090
226,186,6968
318,170,7022
308,218,7004
332,168,6924
322,208,7000
358,224,6974
292,222,7014
348,166,7050
302,202,6988
374,218,7044
364,162,6986
322,216,7002
344,178,7002
344,170,7028
354,188,6952
306,194,6946
250,208,7034
298,180,6978
312,150,7016
370,166,6942
256,208,7000
266,234,6998
320,162,6990
260,212,6960
280,212,7056
340,170,7022
322,216,6962
354,180,6980
350,190,6956
380,184,6956
384,192,6944
418,198,6936
362,190,7024
436,226,6908
340,194,6992
308,158,6962
314,222,6904
288,222,7010
306,152,6940
294,170,7028
302,138,6968
326,194,6938
294,162,7030
230,190,6972
302,204,6986
276,182,7048
342,186,7036
372,186,7058
274,160,7038
374,238,6914
340,236,6912
356,204,6992
328,206,6962
372,224,6976
352,222,6942
338,218,6970
382,188,7030
358,216,7032
344,198,6946
346,208,6986
374,160,6954
324,198,6966
248,148,7012
264,194,7024
292,182,6928
264,226,7016
270,196,7000
276,190,7060
350,184,7012
322,218,6970
342,214,6974
384,216,6936
338,228,7044
370,222,6942
396,206,6970
316,210,6954
304,174,6972
288,208,6948
314,170,6938
294,186,6944
306,218,6994
280,132,7020
342,210,6998
282,194,7024
284,206,7042
322,162,7058
318,198,7010
314,166,7040
296,216,6976
362,196,7004
362,170,6936
394,196,7010
334,196,7010
352,200,7002
368,196,7068
328,178,6934
348,182,6948
350,194,6958
342,200,6998
360,164,7016
338,172,6906
242,188,6986
320,214,6928
256,150,6910
294,164,6906
318,192,6984
322,196,7074
274,188,6960
322,176,6980
252,134,7050
314,190,6992
342,180,6996
300,198,7052
408,214,6992
368,214,7062
328,208,7080
358,232,6972
378,182,6966
334,190,6942
326,164,7062
364,208,7018
314,200,7006
328,220,6930
282,148,7018
324,208,7020
272,214,6948
308,194,7000
360,210,7020
346,154,6962
338,210,6960
306,238,6986
314,206,6992
260,214,6942
284,166,6960
306,190,6996
340,152,6948
342,160,6962
334,224,7046
324,160,7000
316,222,7062
318,204,7008
322,190,6992
326,206,6942
346,224,6958
320,204,6992
366,248,6914
310,214,6924
276,138,6982
358,242,6982
322,166,7058
296,180,6920
352,174,6988
348,150,7044
268,138,7030
244,216,6972
354,228,7012
294,188,6882
298,196,6952
374,182,6976
316,256,6982
314,164,7058
300,172,7020
306,232,6964
324,184,7002
360,198,7088
272,180,7010
328,174,7012
340,194,6938
396,202,7024
312,250,7034
340,246,6994
338,194,7000
332,204,6938
280,232,6990
386,196,7018
322,234,6974
276,218,6970
314,182,6978
312,228,6964
338,182,6962
316,214,6968
312,212,7040
286,216,6916
314,216,6966
302,178,6966
280,224,7014
274,184,6958
282,222,7020
302,212,7036
288,162,6968
282,166,6950
302,194,7044
332,176,6956
298,254,7018
314,204,7030
316,200,7016
334,204,7068
312,186,7032
328,190,6972
392,218,6990
316,244,6908
342,168,6992
336,210,6938
334,188,6986
356,188,7034
308,188,7028
326,146,6998
278,222,6958
276,190,7012
336,170,7040
296,198,6958
270,246,6928
308,154,6996
262,152,7016
340,178,6966
330,182,7052
326,200,7018
340,220,7000
390,190,7032
356,208,7000
324,176,7014
370,202,6958
388,180,6976
370,206,6964
334,190,7010
302,166,6992
332,228,7034
314,194,6948
266,192,6994
316,216,7042
290,188,7002
268,252,7012
314,216,6968
240,202,6984
338,196,7040
318,166,6976
314,190,7038
352,204,6982
348,228,7006
290,224,6944
314,210,6920
370,158,7006
388,152,6944
318,154,6932
338,258,7008
328,196,7002
296,180,6952
348,202,7020
282,196,6964
284,200,6966
316,176,7008
290,218,7058
300,200,7000
318,214,6992
348,160,6948
320,196,6968
322,206,6930
284,214,6944
314,212,7054
282,224,7024
344,176,6996
356,212,6962
338,216,7000
334,242,6934
302,214,6980
326,186,7028
324,176,7016
350,206,6964
356,264,7010
240,222,6894
418,212,6996
322,148,6948
288,222,7004
296,200,6992
326,138,7000
294,244,7006
290,120,6936
314,154,7010
312,194,6992
314,206,6926
240,184,6974
340,156,6964
312,212,6904
290,254,7038
292,206,6966
314,200,6948
320,232,7034
344,180,7006
370,214,7000
338,212,7082
330,214,6998
314,156,6982
320,210,6966
378,200,6988
338,238,6974
352,228,7024
326,196,6962
324,176,6950
308,218,7034
344,170,6970
320,220,7062
318,212,6918
282,190,6990
306,174,6948
336,202,7052
294,204,6996
288,224,6980
306,188,6948
304,192,6900
308,202,6980
356,180,7026
254,176,6962
318,222,6926
272,188,7000
360,214,7032
282,210,6986
356,146,6958
356,186,6962
322,202,6950
388,208,6972
336,202,6990
330,222,7028
386,190,6914
312,218,6946
402,208,6942
344,180,6956
344,190,6970
372,256,6996
340,214,6994
308,162,6914
292,194,7064
316,182,6934
302,180,6996
304,192,7018
244,206,7042
310,172,7098
318,174,6954
298,174,6948
274,224,7014
346,216,6970
336,224,7040
348,242,7016
326,234,6954
356,198,6938
360,184,6992
320,230,6932
276,158,6926
334,210,6916
332,186,6928
276,172,6974
302,148,6970
300,230,7012
336,168,6860
276,192,7078
330,198,7034
320,162,6982
332,240,6996
326,160,7060
368,214,6944
272,188,6982
320,196,6978
370,204,6988
310,210,7048
366,170,6944
328,186,7024
334,152,7024
314,196,6952
296,220,6960
372,244,7016
394,186,7042
306,208,7006
284,234,6966
330,186,7068
328,226,6996
256,154,6976
268,172,6962
278,188,6968
308,156,7018
226,128,6954
310,160,7082
306,210,7004
304,216,7074
314,184,7012
410,254,6994
312,196,7030
366,230,6942
310,162,6958
286,184,6908
374,184,7008
348,180,7044
296,218,6940
340,170,6954
304,174,6958
286,200,6966
316,152,6978
350,206,7016
308,224,7068
320,198,7038
324,178,7074
272,166,7036
300,150,7100
272,182,7066
270,132,7032
324,208,7048
332,234,6968
320,174,6964
354,222,6988
362,176,7070
362,146,6972
324,216,6964
350,196,7008
356,264,7016
358,168,6942
342,214,7016
312,196,6980
322,208,6988
364,226,6954
326,174,7020
358,140,6996
270,170,7008
234,130,6992
334,168,7016
306,188,6990
282,212,7042
336,198,7044
300,174,6998
328,212,7020
324,190,6996
348,220,6964
374,212,7044
298,174,6982
390,226,6928
348,204,6970
356,180,6942
330,238,6986
300,158,6906
332,194,6974
390,216,6998
388,176,7004
332,230,7014
424,136,6762
244,236,7108
422,186,7028
408,170,7100
488,244,6922
454,246,7206
582,142,7142
536,180,7050
546,286,7320
688,214,7694
942,220,7298
1110,194,7194
1342,164,7308
1600,226,7404
1942,228,7160
2438,120,6808
2646,248,6850
3026,58,6662
3446,94,6370
4132,366,6196
4412,114,5774
4900,174,5592
5180,190,5424
5506,170,4822
6194,374,4226
6412,256,3908
7018,224,3792
6860,224,3386
7066,102,3188
7478,114,2328
7624,140,1806
7780,136,1816
8166,340,1410
8726,180,1274
8288,56,1314
8272,18,1332
8238,18,1634
7938,-10,1590
8572,260,660
8830,298,372
8450,40,426
8614,128,390
8626,92,78
8544,244,106
8612,150,140
8516,278,-542
8586,330,-1284
8816,202,-1310
8898,226,-982
8782,180,-942
8702,142,-1084
8658,228,-794
8704,174,-688
9206,76,-702
8624,12,-962
8694,84,-716
8776,198,-944
8832,114,-1120
8626,274,-1248
8768,294,-1130
8752,208,-962
8722,194,-990
8670,188,-956
8700,176,-1040
8722,196,-1284
8704,166,-1296
8666,174,-1024
8690,198,-996
8670,236,-1082
8752,244,-1122
8718,180,-1232
8716,200,-1086
8722,212,-1166
8684,168,-1396
8650,190,-1278
8642,206,-1138
8666,206,-1322
8646,220,-1140
8730,258,-1108
8674,216,-1308
8702,160,-1386
8642,216,-1210
8604,174,-1092
8688,142,-1248
8700,212,-1170
8748,184,-1196
8696,196,-1264
8760,218,-1354
8716,198,-1374
8690,162,-1084
8648,210,-1102
8684,198,-1240
8688,154,-1378
8724,138,-1268
8678,184,-1356
8710,208,-1090
8708,160,-1102
8700,236,-1198
8736,172,-1372
8678,212,-1330
8672,180,-1344
8666,244,-1106
8660,192,-1232
8700,210,-1280
8688,162,-1362
8688,208,-1284
8688,172,-1250
8730,180,-1232
8728,180,-1376
8700,202,-1350
8674,184,-1250
8696,228,-1236
8744,214,-1268
8690,152,-1418
8680,192,-1290
8666,172,-1282
8722,206,-1224
8692,178,-1338
8712,194,-1274
8734,156,-1388
8614,192,-1206
8674,176,-1278
8630,138,-1238
8702,188,-1388
8758,182,-1426
8738,164,-1210
8674,200,-1266
8746,152,-1268
8708,142,-1342
8704,134,-1324
8712,210,-1454
8660,150,-1350
8686,174,-1324
8732,166,-1302
8672,198,-1310
8746,144,-1416
8704,230,-1370
8680,208,-1266
8756,136,-1228
8722,250,-1404
8762,174,-1386
8698,230,-1382
8692,184,-1252
8696,206,-1302
8704,174,-1338
8672,208,-1390
8732,204,-1510
8762,194,-1412
8712,170,-1206
8676,170,-1254
8758,198,-1278
8724,222,-1328
8726,210,-1568
8716,214,-1526
8706,196,-1352
8674,192,-1210
8700,198,-1442
8674,200,-1452
8728,232,-1334
8740,208,-1472
8748,170,-1268
8692,186,-1400
8698,186,-1424
8700,168,-1486
8686,150,-1350
8688,198,-1360
8658,158,-1384
8656,206,-1418
8714,180,-1460
8732,202,-1424
8740,208,-1470
8722,196,-1444
8738,216,-1354
8704,176,-1350
8672,242,-1420
8760,206,-1532
8710,162,-1496
8670,196,-1342
8686,232,-1384
8674,196,-1414
8660,216,-1488
8726,180,-1430
8686,170,-1406
8716,180,-1410
8678,194,-1480
8698,178,-1508
8702,152,-1438
8648,160,-1398
8716,162,-1426
8734,196,-1416
8680,166,-1448
8714,154,-1592
8700,182,-1436
8700,204,-1296
8640,158,-1382
8688,214,-1478
8740,168,-1358
8676,148,-1446
8720,212,-1526
8716,176,-1496
8686,194,-1356
8650,190,-1396
8706,238,-1494
8714,236,-1476
8732,248,-1428
8702,172,-1534
8730,194,-1498
8654,148,-1504
8678,236,-1494
8696,204,-1486
8714,182,-1368
8688,164,-1494
8748,214,-1640
8694,182,-1604
8696,154,-1422
8706,222,-1480
8676,206,-1616
8706,160,-1504
8678,206,-1406
8710,190,-1556
8704,136,-1584
8708,178,-1390
8732,158,-1414
8680,248,-1504
8684,222,-1544
8640,224,-1454
8732,128,-1502
8658,164,-1584
8724,198,-1484
8674,242,-1424
8678,196,-1516
8732,132,-1462
8694,200,-1474
8722,200,-1554
8696,224,-1546
8682,202,-1468
8714,216,-1384
8676,168,-1534
8722,210,-1622
8642,178,-1496
8666,196,-1562
8730,224,-1468
8716,184,-1476
8664,184,-1474
8654,208,-1448
8678,146,-1480
8716,202,-1442
8694,152,-1458
8678,192,-1538
8700,160,-1404
8654,190,-1342
8722,214,-1448
8706,174,-1544
8728,242,-1452
8686,170,-1548
8672,196,-1512
8744,206,-1538
8704,176,-1456
8744,222,-1298
8728,192,-1534
8712,198,-1502
8712,168,-1378
8666,164,-1436
8728,216,-1488
8714,194,-1500
8686,188,-1518
8664,180,-1516
8692,164,-1492
8684,168,-1248
8726,220,-1288
8676,204,-1538
8654,214,-1544
8716,156,-1524
8666,218,-1290
8688,204,-1324
8738,174,-1374
8746,236,-1390
8746,130,-1530
8658,134,-1442
8666,180,-1300
8730,158,-1370
8630,236,-1516
8684,190,-1404
8658,218,-1494
8692,190,-1466
8722,168,-1384
8650,200,-1254
8676,146,-1452
8662,198,-1532
8694,172,-1492
8732,168,-1274
8648,174,-1446
8722,212,-1446
8646,162,-1464
8758,184,-1370
8704,186,-1448
8694,170,-1398
8686,184,-1294
8720,208,-1452
8706,134,-1502
8682,200,-1454
8662,182,-1402
8634,132,-1404
8666,182,-1396
8698,204,-1480
8670,180,-1496
8698,178,-1488
8658,138,-1298
8710,218,-1314
8704,194,-1432
8720,174,-1486
8670,222,-1390
8654,172,-1468
8746,170,-1468
8738,180,-1406
8724,232,-1314
8684,188,-1394
8720,140,-1540
8720,196,-1596
8704,188,-1366
8696,236,-1406
8654,180,-1482
8684,234,-1394
8702,226,-1500
8692,214,-1554
8668,170,-1492
8692,160,-1338
8690,206,-1350
8690,146,-1536
8646,174,-1600
8680,180,-1476
8702,194,-1364
8694,214,-1376
8606,178,-1392
8732,154,-1476
8724,200,-1550
8706,240,-1546
8662,152,-1372
8722,222,-1416
8684,192,-1498
8658,152,-1466
8700,206,-1428
8704,186,-1500
8678,180,-1476
8654,198,-1440
8716,168,-1414
8688,216,-1516
8740,206,-1502
8680,142,-1400
8682,156,-1420
8680,238,-1442
8666,260,-1472
8706,218,-1542
8696,198,-1504
8702,168,-1516
8712,176,-1388
8738,246,-1408
8678,150,-1476
8688,166,-1542
8716,216,-1560
8682,210,-1430
8670,154,-1400
8702,180,-1474
8718,186,-1414
8644,174,-1426
8682,128,-1450
8710,204,-1550
8656,220,-1426
8702,196,-1428
8752,196,-1492
8632,170,-1478
8678,194,-1516
8682,218,-1594
8688,214,-1454
8632,154,-1324
8672,210,-1486
8686,182,-1462
8686,152,-1362
8674,202,-1392
8660,182,-1440
8740,204,-1434
8682,138,-1510
8714,168,-1412
8654,244,-1520
8714,192,-1488
8584,172,-1542
8666,154,-1508
8736,162,-1452
8720,208,-1434
8640,162,-1510
8714,190,-1506
8686,146,-1536
8726,196,-1482
8764,196,-1450
8688,184,-1452
8686,194,-1440
8726,184,-1474
8690,222,-1540
8682,198,-1496
8680,174,-1414
8700,196,-1410
8660,132,-1384
8684,226,-1610
8684,146,-1486
8686,170,-1460
8686,204,-1348
8710,168,-1468
8744,214,-1492
8656,162,-1448
8684,194,-1484
8682,212,-1626
8724,214,-1532
8682,194,-1516
8664,188,-1508
8672,162,-1598
8704,188,-1468
8700,190,-1466
8744,156,-1574
8652,164,-1390
8698,156,-1414
8740,156,-1520
8674,152,-1566
8768,190,-1560
8738,194,-1484
8714,202,-1492
8706,170,-1420
8694,234,-1508
8668,182,-1590
8682,164,-1612
8670,194,-1506
8618,134,-1462
8660,184,-1500
8666,160,-1526
8730,204,-1574
8684,196,-1516
8720,182,-1518
8674,216,-1570
8724,122,-1418
8674,172,-1482
8746,174,-1628
8694,208,-1676
8710,136,-1482
8728,172,-1448
8760,124,-1510
8716,204,-1662
8646,144,-1640
8720,146,-1466
8716,216,-1500
8680,224,-1540
8716,170,-1496
8624,190,-1552
8684,150,-1530
8650,154,-1562
8670,152,-1422
8668,214,-1408
8650,144,-1654
8734,168,-1636
8678,196,-1542
8672,146,-1418
8678,192,-1498
8678,184,-1592
8686,166,-1552
8730,204,-1498
8760,200,-1640
8634,172,-1636
8692,200,-1432
8642,196,-1546
8710,236,-1564
8702,212,-1574
8688,204,-1536
8642,194,-1488
8654,174,-1458
8776,186,-1482
8686,186,-1660
8678,140,-1630
8640,192,-1552
8710,190,-1568
8664,198,-1442
8726,168,-1534
8718,196,-1606
8648,166,-1630
8714,212,-1476
8696,148,-1470
8724,184,-1550
8718,236,-1680
8684,244,-1708
8644,176,-1582
8678,216,-1608
8656,230,-1502
8672,164,-1476
8672,198,-1612
8676,202,-1522
8726,126,-1652
8672,248,-1592
8648,152,-1464
8660,200,-1594
8676,180,-1640
8708,166,-1592
8672,178,-1630
8728,142,-1520
8690,180,-1530
8694,194,-1514
8674,162,-1642
8654,160,-1512
8718,196,-1558
8716,170,-1604
8726,168,-1594
8682,184,-1488
8740,170,-1520
8734,184,-1558
8740,192,-1610
8686,158,-1500
8722,156,-1550
8742,176,-1646
8698,176,-1568
8716,174,-1556
8682,192,-1484
8650,180,-1518
8714,154,-1618
8674,192,-1594
8648,212,-1542
8726,168,-1636
8672,162,-1544
8690,192,-1468
8704,152,-1524
8698,198,-1598
8672,168,-1556
8678,180,-1576
8684,146,-1524
8692,204,-1518
8666,150,-1496
8700,150,-1696
8700,150,-1670
8680,162,-1626
8696,208,-1488
8696,168,-1486
8672,170,-1622
8692,204,-1568
8656,146,-1622
8676,172,-1560
8678,194,-1562
8702,210,-1530
8730,154,-1622
8648,168,-1584
8718,158,-1600
8712,172,-1548
8746,216,-1478
8728,200,-1556
8696,174,-1604
8716,198,-1612
8690,146,-1586
8674,154,-1402
8682,162,-1568
8714,216,-1660
8624,176,-1578
8672,150,-1576
8688,188,-1528
8658,208,-1518
8694,170,-1484
8664,164,-1610
8658,170,-1670
8708,132,-1550
8694,178,-1574
8708,202,-1554
8716,200,-1454
8666,214,-1506
8682,182,-1604
8676,166,-1684
8672,154,-1596
8714,166,-1534
8652,156,-1494
8684,200,-1618
8716,216,-1560
8652,208,-1546
8656,160,-1620
8666,152,-1546
8696,214,-1604
8686,142,-1562
8712,152,-1568
8690,182,-1604
8672,272,-1600
8716,162,-1590
8700,194,-1674
8704,170,-1518
8694,168,-1530
8694,182,-1580
8656,166,-1732
8704,200,-1678
8710,148,-1598
8710,140,-1622
8742,178,-1618
8718,168,-1546
8690,206,-1498
8664,234,-1736
8634,112,-1588
8700,176,-1584
8670,246,-1628
8672,218,-1576
8622,230,-1582
8720,184,-1644
8650,174,-1650
8636,204,-1572
8680,220,-1562
8700,176,-1638
8710,184,-1546
8688,218,-1492
8736,198,-1504
8726,180,-1578
8662,204,-1582
8734,172,-1620
8658,168,-1578
8688,182,-1588
8730,192,-1574
8684,202,-1492
8640,192,-1618
8692,166,-1724
8694,180,-1510
8676,176,-1486
8682,162,-1644
8654,236,-1534
8734,206,-1670
8742,168,-1534
8680,174,-1560
8708,178,-1560
8744,202,-1652
8636,152,-1568
8640,180,-1608
8740,188,-1488
8728,184,-1524
8696,182,-1718
8724,150,-1700
8714,162,-1562
8672,154,-1358
8710,218,-1562
8772,162,-1718
8674,156,-1612
8672,136,-1536
8720,188,-1540
8684,170,-1592
8696,208,-1578
8674,208,-1520
8652,192,-1554
8710,202,-1648
8734,202,-1538
8660,140,-1426
8676,186,-1660
8686,146,-1588
8686,202,-1540
8666,178,-1500
8672,152,-1506
8672,150,-1690
8704,178,-1648
8678,194,-1486
8666,176,-1428
8700,168,-1508
8664,146,-1598
8740,160,-1554
8682,214,-1526
8722,148,-1602
8636,180,-1530
8624,206,-1498
8708,198,-1584
8708,198,-1628
8656,174,-1606
8686,184,-1542
8748,128,-1546
8676,170,-1488
8646,166,-1550
8656,144,-1582
8712,170,-1558
8744,148,-1548
8626,100,-1518
8688,206,-1616
8666,198,-1558
8634,214,-1572
8694,168,-1548
8666,140,-1544
8664,186,-1700
8686,192,-1716
8754,230,-1518
8634,224,-1560
8756,162,-1502
8716,250,-1574
8718,154,-1640
8678,158,-1576
8672,194,-1528
8712,176,-1408
8670,158,-1632
8686,214,-1692
8712,214,-1430
8680,144,-1426
8712,152,-1554
8658,188,-1746
8676,170,-1500
8734,228,-1588
8664,192,-1534
8676,200,-1610
8708,180,-1588
8698,178,-1606
8680,152,-1558
8708,170,-1564
8740,222,-1554
8696,168,-1452
8688,174,-1630
8684,132,-1656
8668,200,-1534
8684,132,-1512
8718,194,-1524
8680,186,-1604
8666,166,-1520
8694,208,-1620
8722,180,-1502
8708,136,-1572
8696,190,-1484
8646,238,-1462
8696,156,-1580
8700,194,-1586
8744,152,-1416
8672,164,-1452
8704,160,-1494
8624,186,-1710
8714,214,-1626
8680,196,-1488
8682,180,-1458
8722,182,-1572
8746,194,-1532
8694,194,-1628
8714,168,-1630
8782,200,-1638
8722,170,-1604
8648,214,-1280
8728,154,-1478
8742,130,-1580
8696,206,-1624
8776,158,-1628
8658,100,-1586
8770,182,-1528
8754,220,-1236
8486,174,-1310
8812,242,-1072
8728,122,-722
8670,146,-832
8780,90,-988
8738,32,-906
8562,126,-764
8426,-2,308
8300,138,812
8332,34,664
8086,146,918
7726,44,1594
7562,140,2016
7344,96,2366
6312,38,3006
5728,10,4536
5652,230,5442
4946,64,5284
4278,34,5974
4154,164,6312
3060,36,6326
2608,214,5248
3178,198,6288
1658,156,7858
164,-46,11264
600,-384,6322
2172,202,6754
1200,268,4798
3112,-476,7172
-236,856,10050
1822,250,7232
1538,100,6426
-1202,986,7410
1680,-258,7666
-254,156,8080
-1196,340,8670
-724,344,8988
-2126,-10,7456
-1930,128,4940
-3426,-228,4564
-5108,128,3804
-4644,520,4140
-5266,204,4064
-5618,236,4474
-5668,-208,3324
-3470,86,2258
-4668,456,1206
-9506,1370,5664
-6864,-196,1754
-6986,472,1168
-6836,-236,1856
-6310,-10,2304
-6512,-4,2528
-8962,168,2004
-7116,76,446
-7354,-360,994
-7686,68,1546
-7648,-48,-52
-8206,322,-646
-7274,128,-510
-7570,-158,156
-8140,-58,-1018
-7690,238,-1584
-7752,118,-1434
-7646,78,-1586
-7702,84,-1820
-7688,96,-1664
-7698,64,-1444
-7696,30,-1316
-7644,96,-1340
-7696,104,-1622
-7748,142,-1702
-7714,176,-1578
-7662,144,-1518
-7690,66,-1414
-7664,156,-1372
-7672,86,-1478
-7658,122,-1496
-7614,112,-1546
-7630,158,-1532
-7688,118,-1512
-7716,106,-1652
-7712,132,-1628
-7604,120,-1750
-7694,148,-1632
-7670,176,-1732
-7674,126,-1678
-7658,146,-1616
-7712,158,-1766
-7688,194,-1738
-7700,146,-1660
-7604,122,-1706
-7638,126,-1610
-7624,102,-1650
-7584,128,-1676
-7620,64,-1746
-7704,126,-1752
-7704,114,-1660
-7652,132,-1514
-7658,174,-1530
-7638,166,-1562
-7620,100,-1568
-7664,204,-1626
-7718,118,-1612
-7676,136,-1602
-7630,138,-1660
-7638,108,-1498
-7734,150,-1520
-7694,150,-1482
-7702,148,-1568
-7676,188,-1682
-7676,158,-1516
-7674,146,-1486
-7646,158,-1546
-7646,156,-1500
-7670,182,-1584
-7670,168,-1476
-7654,136,-1510
-7656,186,-1726
-7698,152,-1466
-7688,136,-1646
-7740,114,-1548
-7648,184,-1598
-7694,106,-1504
-7734,132,-1544
-7694,162,-1550
-7680,116,-1620
-7704,122,-1578
-7702,136,-1514
-7666,158,-1530
-7700,120,-1560
-7680,142,-1540
-7674,140,-1568
-7672,164,-1414
-7676,156,-1470
-7644,168,-1544
-7694,160,-1574
-7704,176,-1560
-7646,134,-1484
-7674,142,-1554
-7644,172,-1548
-7692,166,-1612
-7670,136,-1570
-7656,130,-1512
-7698,150,-1570
-7698,152,-1502
-7658,122,-1550
-7702,178,-1434
-7666,182,-1514
-7700,164,-1488
-7664,134,-1442
-7600,168,-1510
-7706,160,-1550
-7740,138,-1530
-7646,118,-1546
-7648,128,-1472
-7670,142,-1500
-7700,174,-1584
-7658,138,-1572
-7616,164,-1488
-7686,216,-1414
-7652,126,-1468
-7618,146,-1418
-7686,188,-1530
-7622,162,-1440
-7620,164,-1516
-7700,194,-1550
-7614,174,-1492
-7700,152,-1486
-7644,176,-1410
-7658,108,-1490
-7696,98,-1484
-7718,170,-1542
-7658,196,-1490
-7636,148,-1432
-7684,136,-1454
-7692,162,-1456
-7600,178,-1472
-7670,218,-1558
-7696,152,-1562
-7642,180,-1428
-7670,170,-1412
-7602,152,-1398
-7620,174,-1426
-7642,170,-1416
-7648,182,-1534
-7698,156,-1492
-7660,174,-1458
-7660,174,-1384
-7586,184,-1472
-7724,212,-1528
-7634,212,-1498
-7716,180,-1436
-7644,202,-1456
-7644,168,-1496
-7672,180,-1486
-7720,208,-1512
-7694,206,-1450
-7672,200,-1424
-7670,176,-1476
-7588,176,-1440
-7706,154,-1508
-7670,196,-1438
-7696,172,-1566
-7682,140,-1542
-7654,168,-1468
-7690,188,-1354
-7676,190,-1354
-7650,202,-1426
-7670,208,-1528
-7694,160,-1526
-7682,202,-1474
-7640,176,-1396
-7640,134,-1458
-7716,196,-1438
-7698,190,-1536
-7632,180,-1498
-7700,214,-1324
-7678,260,-1254
-7700,84,-1366
-7664,194,-1520
-7702,188,-1584
-7608,154,-1518
-7656,174,-1402
-7602,192,-1406
-7688,180,-1434
-7720,180,-1502
-7684,138,-1510
-7680,182,-1448
-7648,204,-1368
-7658,176,-1430
-7738,186,-1424
-7702,134,-1432
-7736,172,-1414
-7628,216,-1456
-7698,148,-1464
-7640,230,-1488
-7690,196,-1522
-7650,170,-1498
-7682,236,-1482
-7660,172,-1452
-7606,206,-1514
-7698,184,-1476
-7680,182,-1358
-7644,138,-1380
-7640,196,-1510
-7718,226,-1558
-7622,164,-1514
-7660,222,-1480
-7634,186,-1398
-7666,190,-1342
-7666,172,-1550
-7726,168,-1632
-7672,188,-1578
-7684,146,-1464
-7562,232,-1370
-7634,160,-1390
-7696,190,-1438
-7658,218,-1564
-7662,196,-1438
-7720,128,-1428
-7650,120,-1412
-7682,216,-1508
-7676,182,-1516
-7726,238,-1492
-7700,170,-1486
-7670,144,-1410
-7736,196,-1410
-7656,176,-1322
-7634,162,-1262
-7606,218,-1240
-7654,228,-1512
-7696,220,-1682
-7708,178,-1564
-7664,156,-1576
-7680,134,-1520
-7696,196,-1448
-7680,208,-1448
-7632,182,-1504
-7670,120,-1544
-7694,210,-1522
-7680,224,-1452
-7618,230,-1442
-7680,160,-1476
-7620,218,-1348
-7642,192,-1302
-7682,232,-1396
-7708,210,-1342
-7702,230,-1390
-7638,192,-1346
-7660,182,-1298
-7692,212,-1396
-7704,214,-1384
-7652,184,-1278
-7676,236,-1342
-7696,146,-1352
-7698,264,-1428
-7694,176,-1482
-7678,184,-1420
-7648,150,-1402
-7702,200,-1406
-7618,220,-1402
-7698,210,-1490
-7694,198,-1442
-7662,192,-1390
-7708,236,-1436
-7590,220,-1448
-7692,182,-1472
-7660,210,-1446
-7684,152,-1496
-7670,182,-1466
-7634,240,-1390
-7664,214,-1494
-7666,168,-1550
-7714,178,-1484
-7698,236,-1428
-7658,152,-1280
-7638,152,-1244
-7636,166,-1280
-7670,232,-1390
-7656,222,-1380
-7656,232,-1198
-7602,190,-1168
-7684,224,-1330
-7662,186,-1400
-7682,262,-1430
-7680,246,-1360
-7686,214,-1322
-7662,214,-1260
-7706,224,-1302
-7684,236,-1298
-7688,178,-1240
-7660,174,-1232
-7714,182,-1442
-7692,172,-1438
-7690,170,-1346
-7674,208,-1200
-7656,188,-1268
-7692,202,-1472
-7700,198,-1390
-7682,202,-1326
-7646,220,-1244
-7682,246,-1224
-7622,242,-1214
-7658,232,-1360
-7688,194,-1384
-7616,196,-1298
-7638,230,-1260
-7634,196,-1370
-7682,196,-1472
-7642,150,-1474
-7628,218,-1392
-7678,192,-1346
-7646,198,-1318
-7724,230,-1376
-7690,218,-1302
-7634,216,-1302
-7636,210,-1278
-7702,212,-1426
-7708,142,-1370
-7646,208,-1380
-7700,210,-1378
-7738,198,-1414
-7668,230,-1396
-7688,184,-1468
-7650,228,-1534
-7658,232,-1432
-7642,176,-1322
-7606,168,-1308
-7674,192,-1308
-7632,212,-1438
-7760,234,-1552
-7676,206,-1582
-7670,160,-1468
-7668,206,-1340
-7646,200,-1472
-7688,196,-1572
-7658,196,-1504
-7732,186,-1524
-7626,206,-1418
-7618,188,-1430
-7682,180,-1432
-7722,228,-1472
-7694,194,-1442
-7632,210,-1290
-7710,208,-1406
-7698,230,-1484
-7700,204,-1484
-7654,202,-1368
-7566,218,-1256
-7626,228,-1302
-7664,186,-1300
-7680,188,-1482
-7734,244,-1428
-7678,254,-1526
-7730,202,-1438
-7646,202,-1320
-7650,210,-1262
-7608,178,-1358
-7688,244,-1442
-7718,174,-1420
-7730,290,-1408
-7630,222,-1312
-7646,162,-1230
-7696,178,-1268
-7658,226,-1372
-7688,152,-1400
-7662,270,-1366
-7630,220,-1308
-7738,226,-1376
-7662,162,-1444
-7652,168,-1384
-7708,184,-1408
-7646,208,-1394
-7674,210,-1394
-7652,254,-1324
-7638,226,-1372
-7652,198,-1422
-7706,258,-1496
-7624,178,-1386
-7664,242,-1288
-7660,222,-1318
-7670,238,-1364
-7686,240,-1358
-7646,204,-1504
-7666,218,-1280
-7652,154,-1294
-7612,184,-1318
-7754,226,-1322
-7696,244,-1360
-7658,222,-1382
-7630,180,-1298
-7628,242,-1328
-7624,186,-1350
-7604,244,-1288
-7694,218,-1268
-7696,204,-1444
-7698,156,-1514
-7620,190,-1452
-7678,186,-1296
-7684,230,-1256
-7702,254,-1458
-7682,198,-1480
-7678,182,-1424
-7672,170,-1316
-7612,182,-1188
-7624,176,-1166
-7638,154,-1334
-7678,228,-1438
-7722,258,-1506
-7648,224,-1342
-7654,226,-1288
-7668,212,-1198
-7650,222,-1236
-7724,206,-1454
-7676,228,-1392
-7686,222,-1366
-7686,218,-1278
-7650,226,-1296
-7682,180,-1322
-7678,232,-1322
-7676,220,-1434
-7726,178,-1366
-7634,222,-1322
-7668,204,-1350
-7692,226,-1314
-7656,244,-1390
-7656,190,-1404
-7696,182,-1378
-7636,192,-1238
-7634,214,-1254
-7632,178,-1352
-7634,208,-1362
-7696,160,-1456
-7678,176,-1306
-7628,232,-1362
-7636,236,-1316
-7722,216,-1282
-7658,206,-1338
-7698,252,-1382
-7592,218,-1270
-7714,242,-1392
-7640,208,-1340
-7672,248,-1366
-7668,208,-1376
-7696,200,-1334
-7594,214,-1356
-7668,176,-1290
-7694,218,-1248
-7668,222,-1272
-7664,216,-1278
-7654,258,-1334
-7648,200,-1428
-7676,240,-1414
-7674,184,-1406
-7714,216,-1400
-7680,194,-1352
-7586,182,-1234
-7662,218,-1324
-7708,222,-1414
-7686,260,-1326
-7634,246,-1404
-7642,234,-1314
-7650,194,-1366
-7702,236,-1422
-7680,168,-1330
-7722,240,-1332
-7668,182,-1298
-7676,206,-1334
-7648,210,-1304
-7668,246,-1430
-7676,230,-1334
-7648,224,-1330
-7634,194,-1252
-7694,208,-1254
-7688,154,-1336
-7696,294,-1354
-7670,262,-1442
-7670,220,-1224
-7708,242,-1304
-7692,226,-1332
-7714,192,-1346
-7700,230,-1392
-7660,172,-1296
-7686,244,-1392
-7632,174,-1328
-7638,194,-1254
-7694,206,-1296
-7658,258,-1276
-7718,184,-1314
-7702,198,-1332
-7650,214,-1352
-7670,194,-1314
-7656,204,-1278
-7606,180,-1316
-7640,190,-1296
-7628,272,-1280
-7672,222,-1318
-7682,226,-1290
-7640,242,-1238
-7688,208,-1380
-7628,160,-1324
-7654,212,-1292
-7668,226,-1298
-7650,238,-1384
-7646,182,-1330
-7658,182,-1318
-7692,198,-1234
-7670,214,-1288
-7650,246,-1266
-7670,262,-1388
-7664,182,-1304
-7710,230,-1348
-7592,276,-1284
-7584,222,-1310
-7652,198,-1332
-7708,188,-1400
-7720,220,-1334
-7666,232,-1318
-7738,228,-1254
-7702,216,-1282
-7708,180,-1282
-7630,232,-1444
-7666,204,-1260
-7654,220,-1360
-7646,254,-1246
-7664,196,-1312
-7668,210,-1350
-7648,202,-1304
-7670,230,-1312
-7652,236,-1302
-7664,234,-1318
-7662,238,-1376
-7674,200,-1318
-7688,280,-1440
-7684,200,-1318
-7628,218,-1336
-7658,204,-1224
-7692,192,-1260
-7736,224,-1410
-7694,218,-1394
-7678,212,-1360
-7678,200,-1308
-7664,218,-1272
-7658,216,-1354
-7686,194,-1346
-7646,232,-1446
-7708,276,-1356
-7628,188,-1360
-7622,162,-1244
-7674,196,-1192
-7698,202,-1376
-7748,256,-1404
-7664,234,-1386
-7638,192,-1348
-7638,194,-1276
-7618,190,-1338
-7668,200,-1370
-7698,164,-1388
-7658,192,-1382
-7632,182,-1352
-7644,196,-1282
-7788,312,-1300
-7678,266,-1348
-7674,190,-1388
-7638,188,-1370
-7734,210,-1378
-7694,196,-1412
-7592,254,-1312
-7686,238,-1404
-7698,246,-1468
-7632,216,-1386
-7638,236,-1434
-7658,184,-1322
-7598,176,-1410
-7646,246,-1380
-7686,272,-1438
-7646,200,-1452
-7684,188,-1362
-7678,200,-1370
-7698,194,-1360
-7668,224,-1278
-7708,212,-1400
-7682,232,-1344
-7672,152,-1486
-7658,242,-1388
-7606,250,-1312
-7676,202,-1312
-7734,198,-1380
-7684,230,-1534
-7650,220,-1308
-7686,268,-1284
-7650,166,-1348
-7652,202,-1328
-7674,236,-1338
-7668,242,-1268
-7644,230,-1308
-7682,228,-1368
-7658,232,-1356
-7674,230,-1368
-7664,170,-1378
-7666,188,-1372
-7644,210,-1340
-7718,228,-1294
-7586,216,-1442
-7622,232,-1400
-7678,242,-1304
-7684,200,-1272
-7642,184,-1256
-7668,230,-1370
-7670,168,-1428
-7692,176,-1370
-7652,204,-1308
-7664,206,-1286
-7682,252,-1308
-7672,198,-1262
-7630,252,-1318
-7714,200,-1436
-7742,164,-1464
-7620,216,-1320
-7598,194,-1328
-7694,250,-1394
-7678,248,-1356
-7650,218,-1380
-7676,242,-1410
-7614,218,-1380
-7652,200,-1364
-7676,202,-1328
-7680,180,-1434
-7700,188,-1402
-7718,256,-1422
-7650,180,-1234
-7618,206,-1320
-7694,190,-1404
-7654,204,-1462
-7730,214,-1404
-7694,238,-1300
-7634,210,-1214
-7594,234,-1270
-7654,246,-1400
-7688,192,-1358
-7696,210,-1442
-7692,250,-1360
-7646,206,-1354
-7634,224,-1312
-7628,264,-1394
-7606,216,-1350
-7712,174,-1484
-7646,214,-1394
-7636,178,-1268
-7686,244,-1348
-7674,222,-1506
-7702,246,-1428
-7656,210,-1446
-7680,218,-1348
-7650,208,-1306
-7652,220,-1312
-7684,212,-1426
-7682,230,-1424
-7686,180,-1348
-7642,202,-1332
-7602,170,-1230
-7676,174,-1428
-7732,216,-1500
-7700,218,-1468
-7624,296,-1366
-7650,218,-1328
-7686,188,-1288
-7656,176,-1308
-7652,222,-1360
-7660,202,-1468
-7714,202,-1486
-7686,186,-1472
-7720,198,-1404
-7594,206,-1256
-7672,214,-1348
-7652,212,-1370
-7670,200,-1530
-7694,244,-1384
-7656,208,-1302
-7642,160,-1306
-7676,208,-1442
-7726,254,-1522
-7712,228,-1432
-7626,266,-1334
-7700,244,-1326
-7666,212,-1282
-7698,174,-1360
-7738,244,-1424
-7688,252,-1452
-7736,242,-1380
-7634,226,-1296
-7682,212,-1330
-7638,214,-1446
-7728,222,-1386
-7684,292,-1422
-7680,262,-1410
-7640,216,-1424
-7646,190,-1440
-7690,216,-1442
-7646,210,-1534
-7706,244,-1400
-7646,224,-1364
-7694,224,-1288
-7650,236,-1494
-7722,190,-1448
-7634,254,-1394
-7668,154,-1414
-7652,248,-1448
-7636,270,-1480
-7668,256,-1408
-7684,206,-1366
-7682,260,-1394
-7766,182,-1418
-7622,230,-1568
-7754,224,-1454
-7682,194,-1454
-7488,232,-1458
-7744,250,-1342
-7726,190,-1252
-7774,314,-1458
-7776,112,-1532
-7846,240,-1332
-7834,252,-1402
-7984,140,-922
-8338,518,-388
-8470,536,222
-9168,-26,332
-10578,262,406
-8952,382,682
-9580,516,1204
-10234,-696,2214
-10946,-1184,2458
-11024,-1390,3536
-8956,-750,-166
-7816,-1030,986
-6528,-1580,812
-6438,-2278,1834
-6108,-2866,1676
-5626,-3358,1408
-5016,-3408,1670
-4794,-3744,2080
-4242,-4034,1918
-3472,-4926,1314
-3610,-5180,1394
-3494,-5340,2136
-2912,-5586,1972
-2526,-5488,1784
-2016,-5576,1272
-1488,-5888,726
-1166,-6204,-296
-452,-6186,-1100
-470,-6180,-1334
-382,-6312,-1698
128,-6526,-2130
838,-6760,-3386
590,-7312,-3850
332,-8102,-3108
538,-8266,-1898
678,-8198,-1560
1094,-8022,-1832
1130,-7622,-1946
1356,-7856,-2208
968,-8332,-2316
588,-7926,-2962
1344,-7966,-3154
918,-8078,-3514
764,-8708,-5258
1292,-8348,-3768
1110,-8266,-2952
1108,-7968,-2164
1040,-7852,-2606
1286,-7932,-2532
686,-8116,-2482
942,-7966,-2948
1250,-8186,-3218
1046,-8122,-2744
478,-8220,-2012
614,-8004,-2556
1120,-8262,-2980
912,-8122,-2974
828,-7930,-2720
698,-8014,-2290
730,-8072,-2280
806,-8078,-2720
1034,-7950,-3190
842,-8030,-3012
692,-8088,-2258
692,-8030,-2354
804,-7978,-2974
918,-8104,-3124
762,-8094,-2932
686,-8184,-2678
732,-7940,-2410
772,-7898,-2464
856,-7984,-2952
792,-8182,-2712
852,-8034,-2584
762,-8006,-2770
622,-8086,-2800
688,-8010,-2658
954,-7962,-2614
908,-8128,-2802
838,-8132,-2630
862,-8152,-2708
864,-7968,-2818
754,-7988,-2584
868,-8000,-2504
728,-7932,-2822
800,-7996,-2952
590,-8090,-2936
688,-8124,-2716
844,-7976,-2346
736,-8108,-2536
658,-8030,-2490
730,-8026,-2606
676,-8120,-2788
774,-8068,-2686
866,-8094,-2518
830,-8092,-2768
716,-8118,-2798
808,-8022,-2726
894,-8056,-2760
764,-8070,-2922
800,-7970,-2748
840,-8142,-2704
574,-8050,-2610
724,-7990,-2608
774,-7986,-2794
746,-8056,-2698
682,-8016,-2472
768,-8064,-2556
816,-8114,-2890
802,-8030,-2994
916,-8008,-2532
708,-8048,-2474
696,-8070,-2792
776,-8050,-2960
826,-8006,-2658
654,-8114,-2630
694,-8034,-2660
674,-8054,-2738
660,-8032,-2798
864,-7998,-2536
752,-8024,-2370
724,-8084,-2648
762,-8098,-2788
808,-7990,-2830
806,-8014,-2958
736,-8050,-3030
674,-8052,-2486
830,-7930,-2462
904,-8034,-2734
830,-8120,-2902
706,-8126,-2896
724,-8058,-2796
838,-8054,-2650
920,-7912,-2444
724,-8086,-2684
832,-8058,-2666
772,-8136,-2600
736,-8078,-2770
844,-7964,-2720
724,-8090,-2598
712,-8020,-2524
752,-8086,-2850
860,-8052,-2844
768,-8028,-2656
858,-8030,-2582
720,-8090,-2614
722,-8110,-2750
756,-8110,-2798
794,-8008,-2744
808,-7960,-2610
754,-8038,-2774
630,-8104,-2788
764,-8150,-2594
644,-7972,-2738
740,-8142,-2728
676,-8122,-2640
608,-8042,-2410
800,-8014,-2534
794,-8068,-2900
868,-8084,-2694
756,-8094,-2570
610,-8068,-2846
682,-8046,-2750
764,-8050,-2790
724,-8032,-2736
652,-8168,-2736
502,-8018,-2540
598,-8012,-2578
530,-8018,-2454
626,-8038,-2566
716,-8078,-2678
688,-8170,-2720
714,-8080,-2902
736,-8010,-2790
728,-8008,-2624
720,-7940,-2646
722,-8022,-2752
652,-8080,-2512
656,-7988,-2526
776,-8030,-2942
854,-8032,-2928
726,-8084,-2706
746,-8144,-2522
716,-8150,-2642
708,-7998,-2690
626,-7984,-2766
568,-8100,-2744
774,-8110,-2590
710,-8022,-2742
748,-8102,-2800
666,-8088,-2802
676,-8090,-2518
756,-8080,-2634
714,-8104,-2722
758,-8016,-2540
690,-7994,-2528
720,-8064,-2664
684,-8006,-2784
732,-8096,-2604
598,-8016,-2762
670,-8052,-2656
678,-8132,-2702
676,-8014,-2578
698,-8026,-2602
762,-7954,-2678
714,-8036,-2636
658,-8094,-2642
752,-8074,-2656
710,-8040,-2866
730,-7964,-2840
650,-8044,-2594
584,-7988,-2444
706,-8072,-2614
664,-8060,-2722
806,-8048,-2630
624,-8102,-2876
796,-8062,-2784
622,-8010,-2492
596,-7936,-2272
588,-8078,-2662
762,-8054,-2722
732,-8052,-2754
684,-8114,-2644
750,-8068,-2682
756,-8060,-2578
740,-8162,-2644
638,-8050,-2712
624,-8090,-2746
626,-7998,-2478
598,-8052,-2504
658,-8142,-2608
706,-8068,-2502
690,-8062,-2652
740,-8036,-2640
764,-8126,-2828
684,-8132,-2720
646,-8036,-2542
722,-7978,-2528
770,-8120,-2726
768,-8046,-2736
612,-8064,-2500
620,-8082,-2572
696,-8038,-2876
748,-8038,-2698
728,-8064,-2684
608,-8138,-2620
648,-8098,-2600
680,-7990,-2608
656,-7960,-2598
640,-8040,-2564
630,-7984,-2638
672,-7990,-2656
674,-8058,-2698
604,-8114,-2634
612,-8024,-2530
770,-8072,-2500
702,-8058,-2852
694,-8054,-2898
634,-8020,-2712
628,-8098,-2472
732,-8028,-2566
740,-8022,-2660
648,-8066,-2898
630,-8152,-2656
628,-8122,-2458
642,-8030,-2582
596,-7992,-2700
570,-8000,-2742
584,-8086,-2608
760,-8098,-2676
736,-8062,-2682
776,-8138,-2692
670,-7944,-2662
616,-8014,-2618
756,-8016,-2676
682,-8086,-2642
690,-8010,-2740
718,-8046,-2792
688,-8066,-2682
634,-8058,-2760
708,-8068,-2730
720,-8064,-2626
596,-8062,-2542
536,-8044,-2672
690,-8038,-2722
610,-8078,-2686
636,-8076,-2636
714,-8012,-2470
672,-8076,-2636
640,-8092,-2938
722,-8098,-2862
646,-8010,-2600
676,-8010,-2672
684,-8030,-2814
638,-8026,-2528
632,-7998,-2628
676,-8014,-2766
730,-8096,-2686
648,-8022,-2740
668,-8068,-2678
654,-8014,-2602
634,-8080,-2642
650,-8052,-2696
632,-8008,-2836
750,-8078,-2526
576,-8026,-2462
566,-8072,-2646
654,-7964,-2736
622,-8006,-2760
722,-8054,-2698
608,-8090,-2634
644,-8118,-2688
668,-7986,-2648
534,-7976,-2666
688,-8094,-2758
548,-8108,-2650
572,-8094,-2456
666,-8078,-2712
682,-8022,-2518
542,-8004,-2632
608,-8044,-2908
620,-8144,-2836
652,-8114,-2632
602,-7994,-2538
620,-8030,-2692
648,-8078,-2698
540,-8122,-2706
562,-8080,-2620
600,-8062,-2652
696,-7996,-2634
574,-8050,-2588
552,-8076,-2702
610,-8086,-2628
784,-8056,-2652
654,-8074,-2608
682,-8090,-2668
704,-8084,-2644
668,-8008,-2608
604,-7994,-2642
570,-8052,-2782
622,-8056,-2720
548,-8104,-2660
588,-8096,-2550
666,-8112,-2610
608,-7996,-2634
576,-8124,-2658
584,-8152,-2614
654,-8026,-2648
592,-8004,-2598
608,-8058,-2830
614,-8112,-2550
714,-8090,-2538
664,-8070,-2706
646,-8090,-2892
652,-8064,-2720
772,-7950,-2566
728,-8040,-2584
578,-8100,-2740
630,-8104,-2948
818,-8002,-2700
636,-8012,-2456
570,-8070,-2550
580,-8082,-2550
622,-8080,-2676
696,-8060,-2650
708,-8044,-2694
648,-8024,-2470
602,-8126,-2426
592,-8088,-2750
698,-8016,-2892
652,-8020,-2666
590,-8042,-2352
644,-7984,-2476
624,-8162,-2860
704,-8110,-2862
596,-8040,-2480
732,-8044,-2618
652,-8032,-2814
548,-8054,-2476
564,-7992,-2442
550,-8130,-2604
700,-8166,-2724
626,-8122,-2732
566,-8104,-2538
752,-8036,-2572
710,-8104,-2720
606,-8018,-2630
600,-8062,-2760
722,-8030,-2794
770,-8076,-2628
576,-8072,-2492
560,-8000,-2532
568,-8036,-2752
542,-8122,-2816
690,-7984,-2680
696,-8060,-2460
670,-8092,-2420
598,-8126,-2812
706,-8148,-2890
706,-8044,-2654
642,-7980,-2556
564,-8024,-2590
558,-8092,-2666
676,-8106,-2664
622,-8062,-2628
682,-8038,-2786
628,-8060,-2810
656,-8076,-2764
588,-8114,-2572
650,-8018,-2476
516,-8046,-2662
590,-8118,-2662
624,-8106,-2652
626,-7998,-2594
658,-7994,-2648
754,-8050,-2842
654,-8098,-2654
628,-8066,-2490
694,-8052,-2698
674,-8046,-2768
572,-8078,-2652
568,-8076,-2476
618,-8024,-2508
528,-8106,-2762
640,-8122,-2818
652,-8086,-2576
566,-8082,-2478
538,-8054,-2516
664,-8082,-2758
634,-8006,-2508
484,-8092,-2542
790,-8122,-2730
728,-8058,-2828
622,-8006,-2692
506,-8112,-2578
640,-8056,-2638
688,-7958,-2682
626,-8102,-2790
672,-8144,-2724
600,-8076,-2492
604,-7980,-2500
480,-8070,-2670
520,-8002,-2724
612,-8078,-2666
648,-8018,-2538
702,-8090,-2748
678,-8060,-2710
634,-7932,-2798
718,-8022,-2780
748,-8080,-2598
604,-8042,-2692
602,-8062,-2796
552,-8034,-2754
578,-8040,-2580
566,-8026,-2552
566,-8104,-2548
580,-8046,-2576
728,-8088,-2608
650,-8094,-2858
696,-8052,-2580
602,-8040,-2526
670,-8112,-2714
514,-8052,-2594
530,-8102,-2720
610,-7964,-2636
586,-8016,-2586
588,-8092,-2546
634,-8024,-2598
688,-8022,-2770
720,-8036,-2780
698,-8070,-2564
636,-8084,-2710
646,-8032,-2730
582,-7996,-2630
652,-8032,-2610
608,-8112,-2558
688,-8064,-2584
658,-8038,-2682
702,-8058,-2980
624,-7988,-2828
702,-8082,-2554
610,-8130,-2498
590,-8162,-2518
574,-8084,-2554
606,-8034,-2732
584,-7972,-2830
674,-8104,-2684
612,-8084,-2490
662,-8030,-2600
668,-8082,-2630
740,-8060,-2756
636,-8088,-2636
574,-8058,-2626
546,-8020,-2702
664,-8016,-2676
622,-8070,-2432
626,-8090,-2692
704,-8054,-2880
676,-8002,-2602
664,-8020,-2516
744,-8040,-2664
658,-8114,-2646
572,-8120,-2502
664,-8020,-2538
598,-8052,-2718
554,-8102,-2712
624,-7924,-2542
698,-8046,-2634
696,-8140,-2606
710,-8106,-2680
710,-8054,-2646
724,-7990,-2770
652,-7960,-2630
648,-8090,-2576
676,-8062,-2440
558,-8112,-2742
464,-8100,-2640
596,-8098,-2730
554,-8070,-2542
560,-8074,-2476
668,-8022,-2506
554,-8068,-2646
622,-8132,-2616
770,-8028,-2604
730,-8054,-2486
756,-8074,-2682
612,-8050,-2576
576,-8056,-2504
592,-8016,-2758
590,-8054,-2706
608,-8090,-2620
578,-8048,-2484
754,-8026,-2584
646,-8070,-2582
622,-8066,-2704
590,-8068,-2710
580,-8092,-2730
612,-8042,-2750
672,-8032,-2390
620,-8056,-2388
614,-8142,-2530
670,-8132,-2838
766,-8046,-2938
714,-8030,-2890
656,-8150,-2676
520,-8066,-2434
598,-8032,-2502
636,-8046,-2734
590,-8068,-2764
580,-8202,-2704
616,-8070,-2612
762,-8002,-2576
712,-7982,-2600
592,-8132,-2540
480,-8096,-2458
650,-8060,-2692
692,-7974,-2874
688,-8074,-2714
674,-8142,-2606
706,-8088,-2556
684,-8054,-2634
638,-8016,-2814
688,-8040,-2650
648,-8030,-2666
566,-8094,-2604
634,-8042,-2568
698,-8030,-2664
646,-8090,-2842
606,-8078,-2604
586,-8022,-2474
630,-8020,-2508
602,-8066,-2710
682,-8162,-2818
730,-8104,-2640
616,-7990,-2494
638,-8032,-2782
662,-8078,-2878
548,-8110,-2616
542,-8030,-2544
558,-7974,-2608
652,-8072,-2732
560,-8102,-2634
470,-8038,-2424
604,-8006,-2570
646,-8060,-2550
706,-8048,-2598
688,-8114,-2664
698,-8114,-2838
734,-8082,-2704
656,-8024,-2420
590,-7946,-2596
662,-8084,-2608
668,-8122,-2688
628,-8048,-2634
566,-8038,-2702
646,-7996,-2480
626,-8052,-2388
564,-8072,-2718
590,-8072,-2746
628,-7990,-2616
608,-7968,-2502
586,-8142,-2644
586,-8174,-2666
548,-8012,-2542
634,-8002,-2602
746,-8040,-2618
640,-8086,-2552
584,-8076,-2706
560,-8082,-2670
504,-8074,-2636
580,-8024,-2634
672,-8082,-2542
572,-8114,-2472
570,-8116,-2586
578,-8034,-2734
690,-8074,-2618
554,-8052,-2648
632,-8024,-2552
606,-8144,-2652
576,-8050,-2458
582,-8028,-2588
726,-8112,-2736
566,-8088,-2626
548,-8076,-2430
584,-7956,-2460
624,-8022,-2768
630,-8122,-2746
552,-8072,-2458
640,-7968,-2558
626,-8102,-2738
620,-8086,-2638
560,-8088,-2412
544,-8054,-2652
582,-8040,-2754
456,-8076,-2522
480,-8050,-2422
570,-8058,-2668
692,-8038,-2754
670,-8062,-2778
690,-8166,-2540
620,-8038,-2576
592,-8030,-2870
602,-8010,-2690
556,-8110,-2352
578,-8116,-2442
614,-8064,-2610
628,-8030,-2700
682,-8038,-2622
540,-8052,-2614
638,-8008,-2600
592,-8058,-2538
596,-7996,-2666
632,-8038,-2716
720,-8106,-2758
650,-8072,-2668
608,-8012,-2668
692,-8078,-2578
548,-8062,-2522
480,-8098,-2392
542,-7960,-2508
634,-8034,-2670
568,-8082,-2684
640,-8058,-2504
608,-7990,-2426
656,-8060,-2486
626,-7998,-2566
672,-8056,-2806
656,-8084,-2682
672,-8064,-2548
702,-8082,-2660
778,-8082,-2704
686,-8042,-2670
608,-8060,-2688
742,-8062,-2584
664,-8050,-2564
620,-8092,-2882
554,-8100,-2740
624,-8016,-2474
522,-7996,-2416
640,-8102,-2650
720,-8114,-2574
602,-8066,-2586
684,-8030,-2878
814,-8070,-2870
704,-8094,-2576
574,-8048,-2456
606,-8074,-2558
670,-8022,-2776
656,-8036,-2920
624,-8086,-2756
602,-8128,-2468
648,-7990,-2480
620,-8002,-2740
686,-8148,-2768
648,-8064,-2538
670,-8038,-2584
724,-8082,-2734
758,-8110,-2608
640,-8126,-2494
598,-8084,-2600
618,-8092,-2572
602,-7990,-2626
560,-8012,-2600
682,-8118,-2796
678,-8120,-2548
678,-8066,-2368
710,-8074,-2744
632,-8098,-2792
612,-8078,-2576
658,-8050,-2630
578,-8070,-2678
430,-8114,-2394
462,-8044,-2506
608,-8062,-2680
764,-8118,-2740
648,-8072,-2574
602,-8056,-2662
724,-8068,-2848
736,-8096,-2688
544,-8018,-2524
558,-8032,-2560
594,-8044,-2666
640,-8060,-2626
592,-8026,-2626
692,-8144,-2760
730,-8140,-2734
734,-8082,-2616
572,-8056,-2524
542,-8102,-2546
592,-8036,-2438
604,-7988,-2648
624,-8084,-2890
664,-8244,-2608
742,-8228,-2774
636,-8332,-2734
758,-8224,-2592
308,-8234,-2860
616,-8350,-2612
332,-8394,-2482
336,-8516,-2726
158,-8656,-3742
206,-8596,-2628
700,-7860,-2642
238,-8362,-2430
28,-8522,-2054
252,-8512,-1948
878,-8342,-1540
1048,-7962,-594
964,-8084,-296
1100,-7852,-254
1728,-7628,90
1778,-7504,410
1908,-7118,114
2158,-6466,562
2258,-6064,906
2092,-6202,952
2050,-6218,812
1558,-6168,1506
1030,-5678,2476
1270,-4848,3054
474,-4778,3774
-1060,-3212,6774
920,-4790,8318
-794,-3178,10496
1026,-3330,7716
1232,-3570,4486
1698,-3880,2458
1106,-2992,4890
1524,-2628,7690
1098,-3064,7326
1232,-2372,5512
1222,-2404,5034
1090,-1736,5826
1072,-962,6640
866,-56,6898
1104,-1580,6318
966,-536,6186
1396,-18,6212
1856,374,5510
2110,586,5512
2948,312,4994
2480,40,5830
3060,418,7476
3026,1304,7060
3168,1972,6256
4532,1814,5628
4650,1488,5826
4280,1916,7478
3770,3266,7780
2670,3582,7446
2470,4696,6922
2652,3772,7122
3404,4064,8342
3404,4458,7344
2562,4336,5058
2978,3816,3502
3402,3752,3902
3606,4198,4800
3282,5152,6098
3292,6056,6464
2860,5746,6536
3284,5336,6332
2592,5404,6224
3152,5336,4674
3466,5608,4234
3172,5376,4664
3078,5164,4818
3502,4770,4582
3154,5448,4754
3006,5496,4858
3384,5374,4054
3846,5240,4150
3642,5260,3874
3318,5294,4354
3396,5362,4734
3564,5266,4396
3966,5152,3882
4076,5280,4246
3670,5190,4232
3296,5124,3990
3398,5264,4060
3516,5356,4042
3542,5348,4542
3466,5282,4278
3640,5286,4020
3676,5310,4072
3710,5442,4284
3654,5342,4216
3540,5304,4000
3610,5422,4122
3732,5448,4096
4014,5392,4258
3760,5364,3902
3542,5328,4060
3612,5412,4270
3860,5314,4078
3954,5254,4118
3714,5192,3966
3698,5218,3958
3768,5346,4216
3816,5290,4144
3918,5336,4040
3844,5258,3932
3774,5332,4002
3788,5316,4146
3804,5292,4094
3840,5292,4052
3772,5376,4058
3926,5386,4088
3948,5302,4040
3870,5302,3996
3790,5224,4102
3806,5346,4092
3886,5306,4084
3914,5232,3992
3822,5314,3988
3814,5408,4040
3918,5372,4060
3886,5286,4024
3974,5294,4096
3768,5250,4064
3890,5332,3992
4068,5332,3958
3874,5266,4132
3772,5264,4112
3902,5248,4032
3956,5238,4002
4020,5196,3984
3782,5302,4004
3934,5266,4202
3916,5350,4146
3916,5268,4012
3862,5190,4034
3894,5226,4026
3918,5276,4076
3862,5248,4038
3946,5338,4068
3962,5266,4098
3990,5318,4034
3874,5304,4064
3898,5276,4112
3914,5320,4176
3970,5274,4160
3964,5300,4102
3884,5222,3984
3958,5168,3876
3828,5362,3976
3898,5238,3992
3910,5246,4098
3898,5264,4136
3968,5274,3984
3954,5302,4110
3892,5282,4036
3860,5238,4178
3844,5106,3996
3956,5194,4108
3938,5196,4136
3968,5252,4058
3964,5252,4098
3984,5134,4078
3970,5240,3998
3946,5294,4020
3918,5320,4158
3936,5272,4168
3840,5156,4080
3876,5250,4116
3978,5188,4030
3942,5238,4050
3934,5232,4076
3968,5270,4116
3992,5262,4018
3980,5286,4042
3856,5164,3944
3916,5166,4080
3914,5232,4042
3980,5152,4070
3916,5280,3944
3910,5292,4090
3928,5306,4120
3848,5192,4040
4016,5202,3960
3930,5294,4144
3906,5324,4212
3878,5272,4052
4054,5174,3996
3978,5280,3974
3930,5354,4100
3872,5206,4076
3900,5276,4170
4004,5158,4082
3938,5156,4092
3840,5230,4052
3874,5182,3996
3934,5244,4118
4050,5204,4070
4082,5272,4106
3958,5276,4122
3858,5306,4078
3970,5234,3986
3972,5280,4038
3936,5310,4186
3906,5284,3994
3874,5272,3944
3890,5308,4028
3902,5202,4040
3872,5316,4190
3886,5240,4022
3908,5238,4120
3896,5332,4046
3970,5322,4078
3928,5234,3964
3888,5268,4140
3890,5342,4108
3946,5240,4040
3870,5250,4032
3874,5256,4086
3912,5362,4104
3898,5236,3992
3892,5292,4024
3856,5282,4022
4182,5434,3730
3872,5298,4048
3886,5246,3888
3938,5208,4034
3898,5344,4176
3874,5318,4054
3952,5260,3944
3868,5220,4054
3972,5314,4098
3952,5266,4082
3990,5176,3948
3990,5236,4002
3904,5288,4024
3938,5320,4064
3918,5262,3986
3906,5310,4090
3966,5264,4116
3968,5240,4022
3980,5310,3948
3928,5292,4054
3928,5292,4004
3984,5264,3928
3994,5350,4026
3946,5360,4052
3944,5368,4020
3918,5274,3948
4008,5336,3942
3944,5252,3972
3936,5288,3988
3964,5344,4034
3936,5318,4038
3974,5342,4024
3968,5320,4006
3948,5302,4020
3866,5342,4010
3930,5338,4000
4020,5314,4060
3964,5272,4028
3986,5272,3966
3942,5370,4040
3912,5286,4058
3922,5320,3978
4020,5300,3946
4028,5274,3938
3910,5282,4034
3866,5324,3956
3920,5304,3976
3988,5348,3942
3934,5292,4034
3982,5270,3954
3964,5276,3940
3942,5346,3960
3944,5356,3984
3934,5304,3946
4016,5432,3912
3984,5384,4054
3916,5332,4022
3976,5308,4002
3998,5330,3956
3880,5350,4092
3936,5304,3944
3996,5370,4042
3916,5366,3922
3894,5358,4012
3904,5320,4032
3994,5318,3970
3984,5318,4012
3976,5328,4006
4014,5348,3966
3980,5354,3908
3954,5294,3962
3992,5344,3992
3918,5336,4014
3916,5388,3868
3990,5338,3950
3976,5304,3940
3986,5354,3998
3944,5362,4024
3960,5360,3966
3996,5330,3902
3940,5336,4006
3898,5304,4058
3896,5380,4016
3952,5308,3936
4016,5358,3952
3904,5350,4046
3918,5396,3942
3968,5312,3912
3974,5338,3970
4012,5288,3894
3968,5352,3870
3946,5322,3904
3900,5302,3984
3948,5318,3950
3928,5292,3948
3880,5350,3954
3952,5306,3924
3916,5386,4010
3922,5436,3966
3920,5316,3906
3978,5338,3936
3904,5340,3918
3976,5360,3934
3904,5408,3874
3878,5372,3962
3930,5372,3940
3884,5366,3896
4028,5530,4000
3924,5382,3948
3972,5328,3970
3992,5304,3800
3974,5362,3908
3890,5396,3940
3978,5410,3872
3944,5358,3896
4002,5328,3948
4014,5434,3908
3878,5440,3852
3998,5336,3908
3982,5352,3946
3978,5360,3888
3602,5244,4424
3980,5394,3974
4004,5360,3918
3910,5406,3944
3990,5426,3810
4028,5400,3868
4008,5364,3878
4004,5430,3924
3980,5384,3886
4114,5404,3818
4010,5416,3824
4060,5372,3840
4086,5372,3738
3920,5386,3884
3976,5488,3982
3960,5294,3824
3950,5488,3822
4010,5396,3828
4044,5440,3840
4008,5322,3820
4032,5420,3840
4090,5376,3724
4218,5598,3806
4026,5392,3864
3960,5478,3864
4088,5410,3724
4050,5424,3918
4066,5434,3828
4040,5388,3742
4074,5426,3818
3978,5470,3788
4076,5458,3762
4134,5496,3808
4146,5452,3546
4180,5466,3386
4192,5500,3552
3990,5432,4182
4126,5336,3836
4198,5424,3670
4136,5422,3882
4040,5404,3958
4074,5412,3894
4078,5446,3658
4076,5442,3850
4080,5394,3764
4038,5452,3710
4030,5470,3752
4022,5462,3678
4110,5460,3766
4008,5438,3950
4042,5428,3944
4126,5440,3590
4098,5452,3724
4116,5452,3752
4104,5384,3766
4124,5466,3608
4072,5396,3814
4038,5424,4042
4080,5410,3770
4064,5442,3702
4074,5434,3926
4060,5424,3898
4010,5448,3932
4086,5466,3628
4070,5502,3646
4028,5526,3634
4034,5436,3836
4018,5390,3814
3990,5436,3848
3984,5424,3896
4040,5360,3830
3962,5480,3922
3946,5456,3808
4032,5454,3736
4008,5412,4020
4018,5400,3930
4018,5410,3902
4078,5432,3754
4032,5466,3694
4046,5442,3650
3932,5480,3954
3954,5468,3906
4078,5508,3782
4090,5506,3584
4012,5430,3776
4026,5500,3948
4070,5496,3790
4118,5458,3608
4072,5460,3792
4138,5430,3730
3990,5468,3874
4122,5436,3616
4034,5444,3786
4116,5440,3624
4004,5514,3800
4044,5464,3828
4012,5474,3834
4084,5410,3730
3996,5438,3798
3954,5450,3978
4014,5402,3894
4004,5428,3840
4004,5478,3716
4002,5478,3798
4054,5458,3708
4008,5524,3786
4060,5500,3708
3992,5512,3794
4028,5496,3654
4028,5482,3790
4026,5456,3752
4074,5492,3846
4048,5466,3768
4056,5530,3820
4008,5452,3754
4036,5470,3744
4034,5492,3822
3932,5438,3900
3952,5506,3938
3976,5508,3880
3988,5472,3798
3958,5458,3788
3960,5518,3718
3950,5474,3792
4044,5538,3808
3974,5526,3696
3984,5540,3688
3974,5484,3656
4072,5496,3630
3964,5510,3846
3918,5556,3806
4044,5522,3648
4072,5486,3420
4006,5498,3846
3982,5516,3820
3964,5482,3870
3972,5530,3666
3968,5510,3796
3978,5496,3794
3908,5478,3962
3936,5508,3804
3958,5498,3754
3964,5482,3644
3990,5460,3624
3944,5482,3820
3898,5512,4010
3942,5514,3788
4046,5550,3584
3964,5532,3768
3972,5538,3820
4000,5496,3808
3974,5490,3676
3974,5548,3822
3992,5546,3698
4006,5490,3684
3966,5508,3900
4028,5498,3830
3986,5466,3880
4046,5512,3746
4024,5524,3664
4044,5560,3610
4008,5500,3750
3990,5500,3818
3986,5590,3730
4048,5574,3544
3988,5492,3730
3990,5570,3624
4040,5574,3564
4038,5508,3618
3956,5488,3958
3948,5480,3896
4092,5492,3692
4044,5544,3670
3976,5484,3912
3948,5520,3924
4018,5524,3608
4058,5556,3704
3956,5516,3806
3984,5520,3828
4052,5502,3626
4028,5530,3666
3972,5460,3822
3994,5516,3864
4058,5482,3526
4008,5548,3730
3988,5464,3820
3944,5490,3812
3992,5434,3644
3996,5442,3786
3950,5516,3730
3996,5562,3638
3972,5532,3712
3976,5502,3814
4048,5526,3712
4024,5556,3708
3976,5470,3732
3968,5492,3864
4046,5526,3792
4072,5514,3674
3986,5526,3742
3972,5452,3774
4046,5502,3726
3996,5462,3764
3928,5414,3846
3956,5524,3910
4032,5532,3708
3990,5584,3576
3996,5530,3648
3996,5482,3750
3940,5482,3850
3980,5514,3880
4038,5436,3732
4008,5532,3666
3976,5480,3890
3984,5522,3820
4012,5490,3704
4006,5526,3742
4040,5502,3748
4010,5500,3688
3996,5488,3786
4042,5452,3884
4020,5488,3782
4040,5500,3692
4064,5460,3690
4020,5502,3794
4018,5494,3670
4086,5504,3640
4032,5462,3874
3968,5452,3944
4096,5504,3788
4056,5532,3688
4040,5536,3682
4052,5468,3698
4036,5474,3822
4018,5480,3774
4002,5550,3774
4056,5508,3616
4080,5508,3658
3988,5514,3832
4014,5446,3798
4022,5468,3800
4028,5480,3704
3996,5460,3874
4014,5440,3738
4046,5520,3732
3982,5532,3740
4044,5566,3710
4014,5540,3692
3998,5506,3774
4000,5490,3628
4056,5502,3628
4050,5512,3682
4076,5470,3696
4030,5428,3850
4016,5468,3870
4046,5460,3758
4092,5454,3624
4058,5482,3894
4024,5470,3768
4054,5462,3760
4038,5538,3766
4010,5506,3652
4058,5522,3714
4072,5542,3630
4012,5514,3686
4082,5498,3742
4104,5432,3646
4054,5476,3720
4040,5440,3860
4082,5410,3810
4064,5454,3758
4046,5412,3856
4044,5416,3876
4068,5486,3672
4086,5460,3646
4090,5460,3812
4054,5494,3780
4102,5452,3590
4032,5452,3900
4136,5444,3638
4120,5424,3774
3994,5428,3800
4042,5440,3924
4064,5460,3806
4084,5448,3634
4088,5462,3716
4106,5438,3730
4066,5446,3724
4096,5414,3782
4020,5472,3928
4078,5468,3714
4016,5432,3668
4102,5438,3760
4026,5478,3892
4018,5502,3760
4094,5454,3816
4126,5482,3646
4012,5412,3800
4022,5486,3856
4084,5444,3692
4100,5462,3674
4090,5488,3778
4060,5442,3856
4098,5460,3688
4076,5402,3774
4050,5412,3916
4064,5412,3788
4052,5426,3694
4038,5446,3700
4070,5434,3788
4072,5426,3802
4040,5462,3728
4026,5452,3732
4064,5396,3768
4012,5454,3800
4036,5440,3830
4034,5426,3838
4034,5518,3816
4042,5430,3716
4062,5458,3692
4038,5464,3794
4052,5436,3690
4022,5446,3740
4064,5488,3746
4038,5536,3830
4026,5524,3820
3938,5436,3984
4082,5460,3704
4056,5414,3696
4076,5462,3764
4128,5482,3748
4116,5380,3672
4072,5410,3890
4114,5336,4040
4060,5372,3912
4092,5476,3770
4038,5416,3696
4062,5440,3734
3952,5456,3740
3992,5550,3710
3990,5472,3718
3970,5494,3870
4004,5510,3806
3974,5486,3694
4056,5476,3858
4024,5412,3676
4042,5476,3776
4092,5512,3772
4020,5418,3730
4078,5410,3934
4034,5380,3910
4074,5432,3722
4084,5412,3690
4070,5376,3918
4018,5416,3886
4114,5462,3648
4064,5480,3626
4072,5376,3816
4082,5356,4016
4042,5384,3844
4072,5440,3748
4124,5418,3730
4120,5400,3694
4092,5466,3866
4100,5358,3786
4060,5360,3902
4154,5382,3892
4144,5398,3720
4060,5396,3874
4136,5350,3804
4086,5404,3782
4160,5356,3838
4038,5396,3914
4058,5362,3912
4090,5348,3728
4112,5380,3686
4110,5368,3888
4088,5376,3842
4174,5394,3646
4150,5382,3760
4082,5348,3986
4196,5414,3876
4174,5374,3564
4092,5454,3866
4168,5384,3978
4164,5386,3712
4240,5442,3540
4240,5402,3664
4192,5404,3642
4184,5370,3824
4160,5316,3868
4184,5348,3798
4176,5318,3746
4166,5338,3696
4228,5434,3632
4204,5370,3598
4204,5436,3788
4086,5426,3794
4086,5418,3898
4184,5440,3742
4132,5472,3650
4204,5376,3590
4092,5392,3806
4170,5340,3902
4132,5304,3988
4146,5250,4020
4190,5198,3938
4130,5214,4172
4216,5246,3814
4150,5226,3996
4216,5262,3836
4188,5304,3888
4216,5182,3850
4206,5264,3732
4192,5312,3758
4170,5218,3916
4134,5204,4108
4212,5206,3972
4266,5130,3894
4094,5136,4194
4134,5238,4128
4226,5208,3750
4256,5184,3730
4164,5236,3924
4214,5170,4060
4284,5144,3864
4280,5170,3814
4252,5206,3808
4276,5116,3922
4338,5130,4004
4334,5164,3816
4336,5144,3912
4334,5146,3942
4308,5078,3962
4372,5184,3940
4334,5188,3688
4522,5068,3790
4690,4990,3816
4454,5156,3510
4262,5064,3964
4298,5070,4032
4402,5042,3792
4310,5122,4030
4324,5146,4044
4386,5108,3876
4280,5118,3852
4378,5090,3804
4342,5098,3974
4342,5170,4020
4356,5048,3936
4372,5088,3998
4356,5120,3798
4452,5150,3752
4366,5126,4078
4338,5040,3920
4428,5140,3916
4428,5096,4068
4346,4992,4058
4388,5120,4144
4442,5146,3860
4372,5108,3932
4392,5104,4158
4694,4964,4174
4914,5112,3998
5174,5338,3768
5668,5400,3712
5156,5246,3168
5458,4906,3320
6146,4650,3890
5694,4642,3454
6388,4892,2956
6172,5016,2510
6614,4720,2398
6618,4834,724
7092,4162,1834
7062,3846,1774
7200,3796,1158
6768,3912,344
7434,4100,246
7712,3540,-396
7134,3464,-1710
7458,2996,-1800
7942,3542,-1768
8592,3800,-1794
8420,3562,-2774
8056,3024,-3698
8280,3572,-4296
7612,3262,-5312
6866,2684,-5706
6360,1984,-5722
6596,1958,-6206
7212,2064,-6902
7206,2448,-6880
6076,2420,-7402
5678,1902,-7528
5318,1222,-7770
4876,844,-8120
3586,848,-8398
2958,720,-8796
3154,672,-8750
3704,502,-8800
3354,258,-9294
2614,480,-9542
2394,210,-9550
1824,-216,-9874
1502,-150,-10160
1924,-438,-9674
1962,-116,-9568
1518,-36,-9694
1546,-210,-9650
1280,-492,-9488
652,-576,-9446
238,-610,-9446
346,-538,-9626
446,-430,-10168
828,-532,-10240
912,-420,-9864
210,-382,-9694
-310,-624,-9874
122,-738,-9578
492,-884,-9324
514,-572,-9432
-48,-234,-9828
100,-426,-9924
60,-1060,-9624
218,-996,-9434
308,-562,-9906
434,-390,-9896
212,-528,-9662
274,-748,-9534
172,-834,-9770
196,-794,-9932
154,-812,-9902
350,-702,-9724
96,-578,-10076
390,-682,-10124
294,-750,-9540
320,-658,-9434
304,-564,-9930
166,-536,-10184
266,-628,-9872
320,-674,-9754
350,-726,-9832
56,-500,-9912
154,-576,-9760
446,-676,-9726
420,-656,-9756
-50,-490,-10000
174,-618,-9902
406,-678,-9890
398,-660,-10004
426,-706,-9724
202,-674,-9648
84,-578,-10046
314,-604,-9824
394,-742,-9440
352,-762,-9450
154,-536,-9842
108,-670,-9874
288,-790,-9744
264,-692,-9910
328,-618,-9874
186,-682,-9712
120,-582,-9776
292,-604,-9670
320,-720,-9650
234,-640,-9844
112,-624,-9936
238,-628,-9972
342,-682,-9822
312,-696,-9650
218,-562,-9712
148,-580,-9902
362,-734,-9622
302,-634,-9834
202,-652,-9844
274,-658,-9666
330,-590,-9748
184,-584,-9932
244,-656,-9800
262,-596,-9716
334,-612,-9798
308,-646,-9774
148,-586,-9746
190,-514,-9886
348,-594,-9890
358,-712,-9772
298,-652,-9704
198,-608,-9722
120,-564,-9894
234,-612,-9816
290,-648,-9786
282,-640,-9770
294,-620,-9808
190,-590,-9896
332,-628,-9754
352,-602,-9708
394,-544,-9850
246,-614,-9876
170,-632,-9806
156,-604,-9776
368,-544,-9886
396,-666,-9822
302,-652,-9732
48,-524,-9894
172,-620,-9742
430,-632,-9654
468,-622,-9704
214,-602,-9844
170,-534,-10086
350,-596,-9880
424,-634,-9550
256,-628,-9634
142,-524,-9946
292,-570,-9850
214,-578,-9664
274,-604,-9810
386,-602,-9906
164,-532,-9920
212,-658,-9884
328,-688,-9750
338,-566,-9718
312,-550,-9766
212,-646,-9950
166,-584,-9920
222,-604,-9684
382,-590,-9498
398,-608,-9690
196,-550,-9966
190,-628,-9924
258,-702,-9876
368,-646,-9846
300,-568,-9664
276,-590,-9658
264,-596,-9796
280,-604,-9912
232,-574,-9838
324,-618,-9726
264,-590,-9872
246,-566,-9734
228,-582,-9852
268,-552,-9936
306,-640,-9838
310,-612,-9610
218,-644,-9732
250,-544,-9830
264,-606,-9832
324,-614,-9852
350,-540,-9876
380,-432,-9818
320,-554,-9730
298,-596,-9752
280,-536,-9742
228,-508,-9750
222,-548,-9756
270,-610,-9770
320,-616,-9834
404,-524,-9822
408,-598,-9868
350,-530,-9760
348,-520,-9780
474,-598,-9870
284,-582,-9872
208,-574,-9834
332,-634,-9790
388,-552,-9740
224,-590,-9696
220,-540,-9846
398,-508,-9904
484,-648,-9678
366,-614,-9878
298,-536,-9900
418,-502,-9744
272,-536,-9736
344,-618,-9742
306,-614,-9852
208,-536,-9772
354,-576,-9910
466,-548,-9724
314,-538,-9708
256,-462,-9922
226,-582,-10032
462,-552,-9860
530,-584,-9720
324,-520,-9790
226,-460,-9882
388,-576,-9682
344,-676,-9728
288,-578,-9980
284,-508,-9788
370,-554,-9670
496,-614,-9828
378,-570,-9726
50,-568,-9718
132,-582,-9924
472,-546,-9998
480,-590,-9856
248,-552,-9742
250,-518,-9860
354,-482,-9894
400,-550,-9702
394,-600,-9808
356,-562,-9732
388,-536,-9840
414,-602,-9910
366,-568,-9810
388,-532,-9730
280,-512,-9756
448,-556,-9902
318,-548,-9856
362,-520,-9736
288,-538,-9850
334,-576,-9798
402,-560,-9670
376,-482,-9734
340,-538,-9766
294,-630,-9808
322,-572,-9878
346,-494,-9826
432,-488,-9790
466,-516,-9818
326,-532,-9962
314,-552,-9874
340,-676,-9926
324,-540,-9870
306,-470,-9808
350,-680,-9854
398,-688,-9740
314,-552,-9710
298,-482,-9716
364,-652,-9868
374,-660,-9896
340,-582,-9940
406,-524,-9726
442,-512,-9766
304,-464,-9736
430,-526,-9678
470,-534,-9852
340,-550,-10022
326,-494,-9888
260,-480,-9690
182,-474,-9714
254,-570,-9908
484,-528,-9888
496,-412,-9730
322,-320,-9800
374,-494,-9792
364,-632,-9890
394,-654,-9764
320,-418,-9794
358,-318,-9638
308,-620,-9702
350,-736,-9996
300,-644,-10168
650,-374,-10062
612,-536,-9582
218,-678,-9634
26,-742,-9892
240,-708,-9790
470,-630,-9726
492,-564,-9818
338,-602,-9980
238,-526,-9870
374,-670,-9654
358,-620,-9844
422,-448,-9858
388,-396,-9652
268,-556,-9766
342,-560,-9912
458,-362,-9794
510,-368,-9684
362,-458,-9866
214,-440,-10004
370,-464,-9882
440,-484,-9946
320,-354,-9984
446,-342,-9926
360,-412,-9770
466,-454,-9644
396,-540,-9622
276,-462,-9810
322,-468,-9826
410,-580,-9784
370,-600,-9942
416,-428,-9828
454,-492,-9684
252,-522,-9910
384,-566,-9902
422,-542,-9600
282,-512,-9712
214,-528,-9932
428,-566,-9764
366,-600,-9756
304,-544,-9918
372,-490,-9812
416,-536,-9866
374,-544,-9878
366,-440,-9752
304,-410,-9810
322,-520,-9860
400,-458,-9820
446,-380,-9700
394,-404,-9714
386,-406,-9890
498,-348,-9896
398,-414,-9934
548,-454,-9856
268,-526,-9764
260,-514,-9842
454,-548,-9876
510,-568,-9800
454,-454,-9668
252,-504,-9802
344,-536,-9940
458,-452,-9736
414,-462,-9544
280,-472,-9828
354,-502,-9866
400,-466,-9834
354,-480,-9692
310,-478,-9842
412,-492,-10032
522,-416,-9888
388,-442,-9818
352,-426,-9914
420,-380,-9952
410,-392,-9852
306,-512,-9836
328,-486,-9936
422,-404,-9842
516,-378,-9678
368,-426,-9796
386,-504,-9948
494,-534,-9790
404,-452,-9748
402,-518,-9738
382,-460,-9826
372,-462,-9838
400,-542,-9766
404,-568,-9718
302,-438,-9722
376,-500,-9746
440,-516,-9794
428,-482,-9804
310,-466,-9824
398,-492,-9906
430,-484,-9858
380,-512,-9762
398,-584,-9740
376,-578,-9868
272,-530,-9764
304,-602,-9890
368,-596,-10022
352,-480,-9892
476,-522,-9666
392,-504,-9924
438,-540,-9942
498,-494,-9654
420,-534,-9694
330,-572,-9902
326,-510,-9856
436,-462,-9722
412,-594,-9730
436,-548,-9800
362,-496,-9696
200,-580,-9816
448,-604,-9790
492,-520,-9846
390,-530,-9802
442,-578,-9878
320,-604,-9876
300,-556,-9808
402,-600,-9678
306,-572,-9934
400,-450,-9834
400,-512,-9616
400,-558,-9670
310,-534,-9876
398,-464,-9754
314,-556,-9690
344,-578,-9758
432,-502,-9790
542,-454,-9786
402,-476,-9830
226,-542,-10148
394,-664,-9860
394,-610,-9856
390,-596,-9862
320,-496,-9724
308,-502,-9800
362,-616,-9748
458,-582,-9802
424,-510,-9748
356,-472,-9806
444,-528,-9870
464,-554,-9892
422,-516,-9832
440,-548,-9806
382,-562,-9930
362,-564,-9850
366,-586,-9764
336,-682,-9736
328,-558,-9814
396,-444,-9822
434,-546,-9758
410,-602,-9974
476,-590,-9836
318,-426,-9726
344,-598,-9730
308,-658,-9810
320,-572,-9776
382,-500,-9716
526,-550,-9744
400,-478,-9896
368,-514,-9838
414,-588,-9890
424,-596,-9982
374,-522,-9876
362,-432,-9820
392,-638,-9706
364,-598,-9804
418,-518,-9818
402,-548,-9828
314,-644,-9820
324,-522,-9892
504,-482,-9898
486,-514,-9892
336,-490,-9698
330,-492,-9794
492,-560,-9640
416,-582,-9754
420,-592,-9674
340,-492,-9790
382,-600,-9920
348,-590,-9858
410,-604,-9756
442,-520,-9724
220,-564,-10012
492,-532,-10014
476,-584,-9760
378,-508,-9674
406,-450,-9742
460,-538,-9720
490,-520,-9774
424,-584,-9840
284,-572,-9928
410,-590,-9934
440,-532,-9894
436,-554,-9844
362,-580,-9940
392,-538,-10064
456,-490,-9690
382,-494,-9744
500,-552,-9860
474,-536,-9756
364,-528,-9816
440,-576,-9988
390,-606,-9902
244,-612,-9750
384,-576,-9676
478,-572,-9780
502,-556,-9556
442,-500,-9666
482,-540,-9786
424,-618,-9904
400,-596,-10008
372,-532,-9742
314,-542,-9772
342,-486,-9934
428,-440,-9810
426,-426,-9772
416,-562,-9926
508,-436,-9960
508,-460,-9758
370,-514,-9744
436,-608,-9930
434,-610,-9744
462,-482,-9626
408,-606,-9844
328,-618,-10040
366,-606,-9822
374,-576,-9710
422,-568,-9852
336,-490,-9916
428,-598,-9914
438,-578,-9802
454,-474,-9762
510,-490,-9772
488,-522,-9678
332,-554,-9684
332,-600,-9810
384,-532,-9870
458,-574,-9746
494,-574,-9586
308,-546,-9654
330,-548,-9728
284,-552,-9812
338,-640,-9816
468,-660,-9938
510,-612,-9872
376,-582,-9908
428,-570,-9924
470,-608,-9782
364,-616,-9758
364,-594,-9792
478,-582,-9836
464,-492,-9762
480,-516,-9830
406,-620,-9778
348,-624,-9912
364,-538,-9984
452,-476,-9806
384,-564,-9890
292,-572,-10010
324,-514,-9794
478,-570,-9600
460,-502,-9804
428,-526,-9930
420,-518,-9774
402,-572,-9772
402,-594,-9742
364,-478,-9810
324,-480,-9722
314,-566,-9822
490,-526,-9758
486,-486,-9666
382,-524,-9826
394,-540,-9866
430,-550,-9804
466,-554,-9814
386,-580,-9806
354,-568,-9926
406,-660,-9770
368,-608,-9870
364,-642,-9840
444,-618,-9742
354,-560,-9696
304,-640,-9932
458,-630,-9954
442,-516,-9778
414,-618,-9654
406,-590,-9834
364,-466,-9802
366,-570,-9750
444,-636,-9856
346,-618,-9966
426,-514,-9842
514,-560,-9752
370,-656,-9958
342,-542,-9720
362,-512,-9568
402,-638,-9766
456,-542,-9922
474,-520,-9628
460,-508,-9654
406,-512,-9900
422,-562,-9922
380,-562,-9910
398,-572,-9818
354,-570,-9916
342,-570,-9926
396,-604,-9786
418,-680,-9746
328,-656,-9858
478,-574,-9682
414,-576,-9692
378,-684,-9898
424,-598,-9904
408,-536,-9710
368,-646,-9734
422,-586,-9984
420,-606,-9830
400,-584,-9766
384,-610,-9880
378,-522,-9808
460,-590,-9602
474,-636,-9818
388,-528,-9918
326,-572,-9718
390,-640,-9802
316,-524,-9864
444,-494,-9714
414,-486,-9676
404,-518,-9760
326,-538,-10042
416,-590,-9886
450,-488,-9750
578,-542,-9766
462,-446,-9766
446,-558,-9702
342,-612,-9672
336,-592,-9846
460,-526,-9840
446,-628,-9792
374,-638,-9862
458,-634,-9898
426,-578,-9922
472,-576,-9858
362,-506,-9908
364,-590,-9960
346,-576,-9828
446,-610,-9826
454,-596,-9760
438,-486,-9752
394,-638,-9726
324,-678,-9784
474,-590,-9780
492,-468,-9706
368,-514,-9758
354,-664,-9950
402,-546,-9862
406,-548,-9770
434,-662,-9786
264,-542,-9930
356,-584,-9828
456,-574,-9846
512,-630,-9748
420,-516,-9776
474,-508,-9708
388,-642,-9726
328,-646,-9784
346,-566,-9824
384,-496,-9824
518,-612,-9834
444,-628,-9844
426,-530,-9730
370,-528,-9838
434,-588,-9914
454,-618,-9866
348,-654,-9712
374,-626,-9794
516,-508,-9764
476,-572,-9702
396,-600,-9844
416,-668,-9858
348,-600,-9804
442,-650,-9810
350,-640,-9894
476,-498,-9780
506,-570,-9798
410,-514,-9744
328,-528,-9782
434,-606,-9712
430,-578,-9746
426,-526,-9688
348,-534,-9758
418,-498,-9828
532,-566,-9938
456,-542,-9866
420,-534,-9890
422,-568,-9986
414,-658,-9894
486,-610,-9750
416,-552,-9626
414,-572,-9620
372,-542,-9736
516,-550,-9758
466,-544,-9718
402,-582,-9936
454,-606,-9798
426,-520,-9780
424,-474,-9770
462,-562,-9762
390,-588,-9852
362,-444,-9834
384,-558,-9758
428,-534,-9920
444,-520,-10030
496,-530,-9960
564,-510,-9840
550,-556,-9704
496,-502,-9788
388,-528,-9682
262,-624,-9686
344,-616,-9686
426,-520,-9752
440,-496,-9904
570,-512,-10032
590,-476,-10010
436,-524,-9804
494,-508,-9870
400,-596,-9906
332,-612,-9852
412,-652,-9840
470,-650,-9922
504,-634,-9940
454,-518,-9758
516,-596,-9580
372,-598,-9754
530,-548,-9790
462,-414,-9690
432,-518,-9698
510,-600,-9874
528,-454,-9910
510,-432,-9712
386,-534,-9834
432,-518,-9720
